Obs,Timestamp_ET,Vendor,Query,PP_in_top10,PP_URL_ranked,PP_rank,PP_title_exact,PP_own_or_rewritten,PP_snippet_present,PP_snippet_text,Code_in_PP_snippet,Pct_in_PP_snippet,PP_missing_notice,AIO_present,PP_cited_in_AIO,Code_named_in_AIO,Code_reached_user_and_surface,Competitor_domain,Competitor_rank,Competitor_title,Competitor_snippet_present
1,2026-08-15 15:09 EDT,aero-peptides,B (discount code prof peptide),YES,profpeptide.com/coupons (HUB),#2,"Verified Coupon & Promo Codes - Prof. Peptide",Own,YES,"Verified peptide discount codes, promo codes, and coupon codes for 47 vendors. Save up to 50% on research peptides. Aero Peptides 15% off Verified",NO,YES (15%; up to 50%),None,YES,YES ('verified via Prof. Peptide Coupons' link),YES (PROFPEPTIDE15; also JENNIFER15/ARISE15/MIGUEL15; AERO10),YES - via AI Overview AND organic snippet (Knoji #1 shows PROFPEPTIDE15),knoji.com,#1,"20% Off Aero Peptides Promo Code (7 Active) Aug '26",YES (Missing: peptide)
2,2026-08-15 15:10 EDT,aero-peptides,A (coupon code),YES,profpeptide.com/coupons (HUB),~#6,"Verified Coupon & Promo Codes - Prof. Peptide",Own,YES,"Verified peptide discount codes, promo codes, and coupon codes for 47 vendors. Save up to 50% on research peptides. Aero Peptides 15% off Verified",NO,YES (15%; up to 50%),None,YES,NOT visibly (PeptideStack cited; PP maybe in +3 collapsed),YES (PROFPEPTIDE15; AERO10; NIKI15/GIO15; PSTACK),YES - via AI Overview only (PP own snippet no code),knoji.com,#1,"20% Off Aero Peptides Promo Code (7 Active) Aug '26",YES
3,2026-08-15 15:12 EDT,ameano-peptides,A (coupon code),NO,n/a,n/a,n/a,n/a,n/a,n/a,n/a,n/a,NO,n/a,n/a,NO - PP absent,simplycodes.com,#1,"Ameano Peptides Promo Codes & Coupons August 2026",YES
4,2026-08-15 15:13 EDT,ameano-peptides,B (discount code prof peptide),YES,profpeptide.com/discount-codes (vendor page),#1,"Ameano Peptides Discount Code: PROFPEPTIDE — Save 10%",Own,YES,"Janoshik-tested to >=99% — code PROFPEPTIDE saves 10% at Ameano Peptides, verified August 2026.",YES (PROFPEPTIDE),YES (10%),None,YES,YES ('Go to the checkout page on Prof Peptide' link),YES (PROFPEPTIDE 10%),YES - via organic snippet AND AI Overview,simplycodes.com,#2,"Ameano Peptides Promo Codes & Coupons August 2026",YES
5,2026-08-15 15:15 EDT,limitless-biotech,A (coupon code),NO,n/a,n/a,n/a,n/a,n/a,n/a,n/a,n/a,NO,YES,NO (IEEE +3 cited),NO PP code (AIO: PEPTIDES/King15/Harlan15/SCOOP20),NO - PP absent,simplycodes.com,#1,"Limitless Biotech Promo Codes - 15% Off Aug 2026",YES
6,2026-08-15 15:16 EDT,limitless-biotech,B (discount code prof peptide),NO,n/a,n/a,n/a,n/a,n/a,n/a,n/a,n/a,NO,YES,NO (cites Project Biohacking PROBIO15 / PeptideStack),NO PP code (AIO: PROBIO15/King15/LIMITLESS20),NO - PP absent,simplycodes.com,#1,"Limitless Biotech Promo Codes - 15% Off Aug 2026",YES
7,2026-08-15 15:18 EDT,modern-aminos,A (coupon code),NO,n/a,n/a,n/a,n/a,n/a,n/a,n/a,n/a,NO,YES,NO (Instagram cited),NO PP code (AIO: JULIA10/aminovip/CDCADAM/DPRO),NO - PP absent,worthepenny.com,#1,"Modern Aminos Promo Codes & Deals - 30% Off - WorthEPenny",YES
8,2026-08-15 15:19 EDT,modern-aminos,B (discount code prof peptide),YES,profpeptide.com/coupons/modern-aminos (vendor page),#1,"Modern Aminos Discount Code: PROFPEPTIDE — Save 10%",Own,YES,"Use code PROFPEPTIDE at Modern Aminos to save 10% sitewide — verified and working for July 2026. Modern Aminos is a US-based research-peptide supplier ... $200 ...",YES (PROFPEPTIDE),YES (10%),None,YES,AMBIGUOUS (PROFPEPTIDE leads AIO; source not labeled 'Prof Peptide'),YES (PROFPEPTIDE; also JULIA10/AMINOVIP/CDCADAM),YES - via organic snippet AND AI Overview,worthepenny.com,#2,"Modern Aminos Promo Codes & Deals - 30% Off - WorthEPenny",YES (Missing: prof)
9,2026-08-15 15:21 EDT,nura-peptide,A (coupon code),NO,n/a,n/a,n/a,n/a,n/a,n/a,n/a,n/a,NO,YES,NO (cites The Peptide Catalog),NO PP code (AIO: thepeptidecatalog 25%/SAVE15),NO - PP absent,simplycodes.com,#1,"NURA Peptides Promo Codes - 15% Off (1 Verified) Aug...",YES
10,2026-08-15 15:22 EDT,nura-peptide,B (discount code prof peptide),YES,profpeptide.com/coupons (HUB) [+ KPV price-compare page as AIO source],~#3,"Verified Coupon & Promo Codes - Prof. Peptide",Own,YES,"Discount Codes ; Amino Club. 20% off ; Glacier Aminos. 10% off ; Nura Peptide. 25% off ; Peptide Partners. 10% off.",NO,YES (20/10/25/10%),None,YES,YES ('listed through Prof. Peptide' link),YES (PROFPEPTIDE15),YES - via AI Overview (PP own snippet no code),peptidestack.io,#1,"Nura Peptide Discount Code — 15% Off (peptide-stack15)",YES (Missing: prof)
11,2026-08-15 15:24 EDT,peptide-partners,A (coupon code),YES,profpeptide.com/discount-codes (vendor page),#4,"Peptide Partners Discount Code: PROFPEPTIDE — Save 10%",Own,YES,"Use code PROFPEPTIDE at Peptide Partners to save 10% sitewide — verified and working for August 2026. 4 independent batch tests with published COAs.",YES (PROFPEPTIDE),YES (10%),None,YES,YES (profpeptide.com appears as AIO source card),YES (PROFPEPTIDE; also KLIKOOGQWG),YES - via organic snippet AND AI Overview,simplycodes.com,#1,"Peptide Partners Promo Codes - 10% Off Aug 2026",YES
12,2026-08-15 15:25 EDT,peptide-partners,B (discount code prof peptide),YES,profpeptide.com/discount-codes (vendor page),#1,"Peptide Partners Discount Code: PROFPEPTIDE — Save 10%",Own,YES,"Use code PROFPEPTIDE at Peptide Partners to save 10% sitewide — verified and working for August 2026. 4 independent batch tests with published COAs.",YES (PROFPEPTIDE),YES (10%),None,YES,AMBIGUOUS (PROFPEPTIDE named; source not labeled 'Prof Peptide'),YES (PROFPEPTIDE 10%),YES - via organic snippet AND AI Overview,peptidedosingprotocols.com,#2,"Peptide Partners Discount Code: PEPPAL for 10% Off",YES (Missing: prof)
13,2026-08-15 15:27 EDT,purerawz,A (coupon code),NO,n/a,n/a,n/a,n/a,n/a,n/a,n/a,n/a,NO,YES,NO (Yahoo Finance cited),NO PP code (AIO: OMK 20%/ROAR69/Website Survey),NO - PP absent,worthepenny.com,#1,"Purerawz Coupon Code & Promo Codes - 30% Off",YES
14,2026-08-15 15:28 EDT,purerawz,B (discount code prof peptide),YES,profpeptide.com/coupons/purerawz (vendor page),#1,"PureRawz Coupon Code & Discount — Save 10% (2026)",Own,YES,"Save 10% at PureRawz with discount code PROF10 — verified promo code for 2026. US-based, third-party tested peptides, SARMs, nootropics, research compounds.",YES (PROF10),YES (10%),None,YES,AMBIGUOUS (PROF10 leads AIO; source not labeled 'Prof Peptide'),YES (PROF10; also BUYER20/Dany/PUMP),YES - via organic snippet AND AI Overview,worthepenny.com,#2,"Purerawz Coupon Code & Promo Codes - 30% Off",YES (Missing: prof)
15,2026-08-15 15:30 EDT,amino-club,A (coupon code),YES,profpeptide.com/coupons/amino-club (vendor page),~#7,"Amino Club - Prof. Peptide",Rewritten (likely),NO (ABSENT),,N/A,N/A,None,YES,NO (Instagram/oumwalid2 +4 cited),NO PP code (AIO: ENZGE/AMINOFIT/PSTACK),NO - PP ranked but no snippet & not in AIO,hotdeals.com,#1,"Amino Club Promo Code August 2026 | 50% OFF - HotDeals",YES
16,2026-08-15 15:31 EDT,amino-club,B (discount code prof peptide),YES,profpeptide.com/coupons/amino-club (vendor page),#1,"Amino Club - Prof. Peptide",Rewritten (likely),NO (ABSENT),,N/A,N/A,None,YES,AMBIGUOUS (PROFPEPTIDE named; source not labeled 'Prof Peptide'),YES (PROFPEPTIDE; also AMINOS/PSTACK/ENZGE),YES - via AI Overview only (PP own #1 result had no snippet),reddit.com (r/PromoCodeShare),#2,"Amino Club Discount Code: DISCOUNT30 — 20% Off at...",YES (Missing: prof)
17,2026-08-15 15:33 EDT,glacier-aminos,A (coupon code),NO,n/a,n/a,n/a,n/a,n/a,n/a,n/a,n/a,NO,YES,NO,NO PP code (AIO: 12MONTHS 12%/NIKKI10/HEATHER),NO - PP absent,dealspotr.com,#1,"Glacier Aminos Promo Codes - 10% Off Discount...",YES
18,2026-08-15 15:34 EDT,glacier-aminos,B (discount code prof peptide),YES,profpeptide.com/coupons/glacier-aminos (vendor page #1) + profpeptide.com/coupons (HUB ~#7),#1 (vendor page),"Glacier Aminos - Prof. Peptide",Rewritten (likely),NO (ABSENT on vendor page; HUB snippet present),"HUB: Discount Codes ; Amino Club. 20% off ; Glacier Aminos. 10% off ; Nura Peptide. 25% off ; Peptide Partners. 10% off.",NO,YES (HUB only),None,YES,YES ('...code PROFPEPTIDE listed on Prof. Peptide' link),YES (PROFPEPTIDE 10%),YES - via AI Overview (vendor-page #1 result had no snippet),dealspotr.com,#2,"Glacier Aminos Promo Codes - 10% Off Discount...",YES
19,2026-08-15 15:36 EDT,mile-high-compounds,A (coupon code),NO,n/a,n/a,n/a,n/a,n/a,n/a,n/a,n/a,NO,YES,NO,NO PP code (AIO: SCHOOL20 20%/Prosigma),NO - PP absent,tenereteam.com,#1,"75% OFF Mile High Compounds Official Coupon Codes",YES
20,2026-08-15 15:37 EDT,mile-high-compounds,B (discount code prof peptide),YES,profpeptide.com/coupons/mile-high-compounds (vendor page),#2,"Mile High Compounds - Prof. Peptide",Rewritten (likely),NO (ABSENT),,N/A,N/A,None,YES,NO (cites Mile High Compounds),NO PP code (AIO: SCHOOL20/MILE10/SAMTALBOT/Prosigma),NO - PP ranked #2 but no snippet & not in AIO,tenereteam.com,#1,"75% OFF Mile High Compounds Official Coupon Codes",YES (Missing: prof)
21,2026-08-15 15:39 EDT,almighty-peptides,A (coupon code),NO,n/a,n/a,n/a,n/a,n/a,n/a,n/a,n/a,NO,YES (says 'no active coupon code'),NO,NO code named at all,NO - PP absent,simplycodes.com,#1,"Almighty Peptides Promo Codes - 30% Off Aug 2026",YES
22,2026-08-15 15:40 EDT,almighty-peptides,B (discount code prof peptide),YES,profpeptide.com/coupons (HUB),~#5,"Verified Coupon & Promo Codes - Prof. Peptide",Own,YES,"Verified peptide discount codes, promo codes, and coupon codes. Save up to 50% on research peptides. Almighty Peptides 20% off Verified",NO,YES (20%; up to 50%),None,YES,YES ('verified promo code PROFPEPTIDE from Prof. Peptide' link),YES (PROFPEPTIDE 20%),YES - via AI Overview (PP own snippet no code),worthepenny.com,#1,"Almighty Peptides Discount Codes & Deals - 65% Off",YES (Missing: prof)
23,2026-08-15 15:42 EDT,ez-peptides,A (coupon code),NO,n/a,n/a,n/a,n/a,n/a,n/a,n/a,n/a,NO,YES,NO (The Peptide Catalog/IEEE cited),NO PP code (AIO: thepeptidecatalog 10%/NIKI/ZENTOIRT),NO - PP absent,simplycodes.com,#1,"EZ Peptides Promo Codes - 10% Off (4 Verified) Aug 2026",YES
24,2026-08-15 15:43 EDT,ez-peptides,B (discount code prof peptide),YES,profpeptide.com/coupons/ez-peptides (vendor page),#1,"EZ Peptides",Rewritten (likely),NO (ABSENT),,N/A,N/A,None,YES,NO (IEEE +2 cited),NO PP code (AIO: benchmark 10%/zentoirt/PSTACK),NO - PP ranked #1 but no snippet & not in AIO,simplycodes.com,#2,"EZ Peptides Promo Codes - 10% Off (4 Verified) Aug 2026",YES
25,2026-08-15 15:45 EDT,midwest-peptide,A (coupon code),NO,n/a,n/a,n/a,n/a,n/a,n/a,n/a,n/a,NO,YES,NO,NO PP code (AIO: SITEWIDE30 30%/REDDIT15/SAVE10),NO - PP absent,peptidestack.io,#1,"Midwest Peptide Coupon Code: PSTACK",YES
26,2026-08-15 15:46 EDT,midwest-peptide,B (discount code prof peptide),YES,profpeptide.com/coupons/midwest-peptide (vendor page),#1,"Midwest Peptide",Rewritten (likely),NO (ABSENT),,N/A,N/A,None,YES,NO (+4 sources; cites Midwest Peptide),NO PP code (AIO: SITEWIDE30/REDDIT/PSTACK/Zelle-5%),NO - PP ranked #1 but no snippet & not in AIO,peptidestack.io,#2,"Midwest Peptide Coupon Code: PSTACK",YES (Missing: prof)
27,2026-08-15 15:48 EDT,royal-peptides,A (coupon code),NO,n/a,n/a,n/a,n/a,n/a,n/a,n/a,n/a,NO (no AIO),n/a,n/a,NO - PP absent,saver.com,#2,"ROYAL PEPTIDES Promo Codes - 33% OFF Promo's July 2026",YES
28,2026-08-15 15:49 EDT,royal-peptides,B (discount code prof peptide),YES,profpeptide.com/coupons/royal-peptides (vendor page),~#3,"Royal Peptides",Rewritten (likely),NO (ABSENT),,N/A,N/A,None,YES,NO (cites Royal Peptides),NO PP code (AIO: ROYAL10/10FF),NO from PP surfaces (but PP code PROF10 appears in 3rd-party HotDeals snippet #9),saver.com,#2,"ROYAL PEPTIDES Promo Codes - 33% OFF Promo's July 2026",YES (Missing: prof)
