Top pages,Clicks,Impressions,CTR,Position
https://profpeptide.com/coupons/amino-club,53,6092,0.87%,6.57
https://profpeptide.com/coupons/glacier-aminos,14,1914,0.73%,7.12
https://profpeptide.com/coupons/midwest-peptide,12,379,3.17%,9.74
https://profpeptide.com/,11,150,7.33%,4.61
https://profpeptide.com/coupons/synthesis-peptides,9,162,5.56%,12.38
https://profpeptide.com/calculator,7,164,4.27%,22
https://profpeptide.com/peptides/aod-9604-mots-c,5,138,3.62%,26.18
https://profpeptide.com/guides/syringes-and-injection,3,1363,0.22%,12
https://profpeptide.com/coupons,3,417,0.72%,23.47
https://profpeptide.com/coupons/oasis-labs,3,329,0.91%,7
https://profpeptide.com/peptides/nad-mots-c-5-amino-1mq,3,78,3.85%,11.62
https://profpeptide.com/coupons/peptides-gg,3,67,4.48%,9.22
https://profpeptide.com/peptides/klow,2,752,0.27%,11.38
https://profpeptide.com/peptides/kpv,2,216,0.93%,40
https://profpeptide.com/compare/epitalon-vs-nad-plus,2,193,1.04%,13.37
https://profpeptide.com/coupons/peptide-partners,2,96,2.08%,6.31
https://profpeptide.com/coupons/biocollex,2,40,5%,4.08
https://profpeptide.com/coupons/nordic-peptides,2,14,14.29%,3.36
https://profpeptide.com/coupons/spartan-peptides,2,8,25%,4.12
https://profpeptide.com/supplements/glucomannan,1,2057,0.05%,12.29
https://profpeptide.com/news/fda-pcac-meeting-agenda-july-2026,1,360,0.28%,10.51
https://profpeptide.com/peptides/tirzepatide,1,278,0.36%,71.16
https://profpeptide.com/best-peptide-vendors,1,112,0.89%,37.84
https://profpeptide.com/peptides/pinealon,1,92,1.09%,15.02
https://profpeptide.com/news/endo-2026-glp1-recap-june-2026,1,75,1.33%,8.53
https://profpeptide.com/compare/berberine-vs-metformin,1,65,1.54%,11.11
https://profpeptide.com/peptides/retatrutide,1,36,2.78%,15.64
https://profpeptide.com/coupons/ascension-peptides,1,12,8.33%,5.33
https://profpeptide.com/faq,1,11,9.09%,17
https://profpeptide.com/peptides/cagrilintide,1,8,12.5%,58.12
https://profpeptide.com/peptides/igf-1-lr3,0,702,0%,54.54
https://profpeptide.com/peptides/tb-500,0,572,0%,64.25
https://profpeptide.com/supplements/green-tea-extract,0,375,0%,13.51
https://profpeptide.com/bioregulators,0,365,0%,31.49
https://profpeptide.com/peptides/5-amino-1mq,0,334,0%,13.33
https://profpeptide.com/peptides/cardiogen,0,332,0%,8.57
https://profpeptide.com/peptides/follistatin,0,299,0%,60.87
https://profpeptide.com/coupons/royal-peptides,0,250,0%,8.56
https://profpeptide.com/peptides/glow,0,201,0%,21.35
https://profpeptide.com/peptides/cortagen,0,168,0%,15.19
https://profpeptide.com/compare/semaglutide-vs-tirzepatide-vs-retatrutide,0,152,0%,8.93
https://profpeptide.com/compare/creatine-vs-beta-alanine,0,128,0%,43.85
https://profpeptide.com/supplements/lions-mane,0,112,0%,22.75
https://profpeptide.com/peptides/mk-677,0,112,0%,54.75
https://profpeptide.com/peptides/cjc-1295-dac-ipamorelin,0,108,0%,59.44
https://profpeptide.com/news/fda-503b-glp1-bulk-compounding-2026,0,102,0%,23.01
https://profpeptide.com/supplements/l-citrulline-malate,0,88,0%,24.86
https://profpeptide.com/peptides/thymosin-alpha-1,0,86,0%,34.34
https://profpeptide.com/compare/ashwagandha-vs-rhodiola-rosea,0,85,0%,45.73
https://profpeptide.com/peptides/tesamorelin,0,84,0%,18.95
https://profpeptide.com/peptides/ghk-cu,0,75,0%,8.8
https://profpeptide.com/peptides/ss-31,0,75,0%,31.97
https://profpeptide.com/peptides/selank,0,74,0%,39.66
https://profpeptide.com/supplements/l-arginine,0,69,0%,43
https://profpeptide.com/supplements/spermidine,0,68,0%,24.12
https://profpeptide.com/peptides/sermorelin,0,67,0%,38.13
https://profpeptide.com/peptides/thymogen,0,65,0%,21.92
https://profpeptide.com/supplements/fish-oil,0,63,0%,37.62
https://profpeptide.com/supplements/garcinia-cambogia,0,60,0%,48.07
https://profpeptide.com/peptides/cagrisema,0,59,0%,46.32
https://profpeptide.com/compare/bpc-157-vs-ghk-cu,0,47,0%,29.11
https://profpeptide.com/coupons/limitless-biotech,0,46,0%,6.43
https://profpeptide.com/supplements/maca-root,0,46,0%,49.48
https://profpeptide.com/peptides/epitalon,0,44,0%,10.45
https://profpeptide.com/supplements/l-citrulline,0,41,0%,16.46
https://profpeptide.com/supplements/hyaluronic-acid,0,39,0%,27.41
https://profpeptide.com/supplements/glutamine,0,37,0%,39.68
https://profpeptide.com/coupons/purerawz,0,35,0%,11.37
https://profpeptide.com/news,0,33,0%,13.76
https://profpeptide.com/peptides/kpv-bpc-157,0,32,0%,19.81
https://profpeptide.com/peptides/wolverine-stack,0,31,0%,8.81
https://profpeptide.com/news/amgen-maritide-glp1-gip-explainer-2026,0,31,0%,23.97
https://profpeptide.com/peptides/melanotan-i,0,29,0%,23.28
https://www.profpeptide.com/coupons/ignite-peptides,0,28,0%,4
https://profpeptide.com/peptides/dsip,0,27,0%,33.33
https://profpeptide.com/glossary,0,25,0%,41.16
https://profpeptide.com/peptides/semax-selank,0,23,0%,5.74
https://profpeptide.com/coupons/ignite-peptides,0,22,0%,14.64
https://profpeptide.com/compare/retatrutide-vs-tirzepatide,0,22,0%,42.86
https://profpeptide.com/peptides/vip,0,20,0%,11.3
https://profpeptide.com/peptides/semaglutide-bpc-157,0,20,0%,16.9
https://profpeptide.com/peptides/tirzepatide-bpc-157,0,20,0%,20.85
https://profpeptide.com/research/follistatin,0,19,0%,9.26
https://profpeptide.com/supplements/zinc-carnosine,0,18,0%,13.61
https://profpeptide.com/peptides/pt-141-oxytocin,0,18,0%,14.72
https://profpeptide.com/coupons/ez-peptides,0,17,0%,8.71
https://profpeptide.com/compare,0,17,0%,16.53
https://profpeptide.com/news/retatrutide-triumph-1-phase-3-results,0,17,0%,29.59
https://profpeptide.com/about,0,15,0%,10.07
https://profpeptide.com/supplements/tongkat-ali,0,15,0%,21
https://profpeptide.com/compare/semax-vs-selank,0,15,0%,23.33
https://profpeptide.com/news/semaglutide-biological-aging-rct-june-2026,0,14,0%,8.5
https://profpeptide.com/disclaimer,0,13,0%,4.77
https://profpeptide.com/peptides/tesamorelin-ipamorelin,0,13,0%,15.62
https://profpeptide.com/peptides/gh-stack,0,12,0%,7.08
https://profpeptide.com/app,0,11,0%,4.45
https://profpeptide.com/news/rfk-peptide-update-april-2026,0,11,0%,6.55
https://profpeptide.com/coupons/behemoth-labz,0,11,0%,13.27
https://profpeptide.com/coupons/vital-core-research,0,10,0%,3.6
https://profpeptide.com/coupons/particle-peptides,0,10,0%,4.9
https://profpeptide.com/privacy,0,10,0%,6.3
https://profpeptide.com/supplements/glycine,0,10,0%,8.1
https://profpeptide.com/peptides/sermorelin-ipamorelin,0,10,0%,23.2
https://profpeptide.com/peptide-sciences-alternatives,0,10,0%,25.1
https://profpeptide.com/supplements/beta-alanine,0,9,0%,2.67
https://profpeptide.com/peptides/mk-677-ipamorelin,0,9,0%,16.78
https://profpeptide.com/coupons/almighty-peptides,0,8,0%,4.75
https://profpeptide.com/peptides/semax,0,8,0%,6
https://www.profpeptide.com/,0,7,0%,21.71
https://profpeptide.com/peptides/nad-plus,0,6,0%,8.33
https://profpeptide.com/guides,0,5,0%,5.6
https://profpeptide.com/supplements/zma,0,5,0%,7
https://profpeptide.com/supplements/alpha-gpc,0,5,0%,39.4
https://profpeptide.com/coupons/fusion-peptide,0,4,0%,2
https://profpeptide.com/peptides/ipamorelin,0,4,0%,7
https://profpeptide.com/guides/peptide-research-basics,0,4,0%,8.75
https://profpeptide.com/supplements/berberine,0,4,0%,9
https://profpeptide.com/supplements/nmn,0,4,0%,24.5
https://profpeptide.com/supplements/creatine,0,3,0%,2.33
https://profpeptide.com/hybrid-rockstar/privacy,0,3,0%,6.33
https://profpeptide.com/peptides/melanotan-ii,0,3,0%,8.33
https://profpeptide.com/news/eco2026-oral-glp1-recap-may-2026,0,3,0%,8.67
https://profpeptide.com/compare/nmn-vs-niacin,0,3,0%,17.67
https://profpeptide.com/supplements/caffeine-l-theanine,0,3,0%,20.67
https://profpeptide.com/supplements/ashwagandha,0,2,0%,1
https://profpeptide.com/peptides/aod-9604,0,2,0%,4
https://profpeptide.com/coupons/integrative-peptides,0,2,0%,4.5
https://profpeptide.com/news/retatrutide-phase-3-update-may-2026,0,2,0%,5
https://profpeptide.com/compare/semaglutide-vs-tirzepatide,0,2,0%,5.5
https://profpeptide.com/compare/bpc-157-vs-tb-500,0,2,0%,6
https://profpeptide.com/compare/nmn-vs-nr-vs-niacin,0,2,0%,6
https://profpeptide.com/news/fda-peptide-compounding-update-april-2026,0,2,0%,8
https://profpeptide.com/supplements/vitamin-c-skin,0,2,0%,27
https://profpeptide.com/research/dsip,0,1,0%,3
https://profpeptide.com/supplements/l-theanine,0,1,0%,3
https://profpeptide.com/supplements/melatonin,0,1,0%,4
https://profpeptide.com/supplements/nad-plus,0,1,0%,5
https://profpeptide.com/supplements/rhodiola-rosea,0,1,0%,5
https://profpeptide.com/supplements/collagen-peptides-skin,0,1,0%,8
https://profpeptide.com/research/bpc-157,0,1,0%,11
https://profpeptide.com/supplements/gaba,0,1,0%,11
https://profpeptide.com/supplements/bacopa-monnieri,0,1,0%,12
https://profpeptide.com/supplements/vitamin-d3,0,1,0%,13
https://profpeptide.com/supplements/chromium,0,1,0%,24
https://profpeptide.com/news/rfk-peptide-ban-2026,0,1,0%,47