Top queries,Clicks,Impressions,CTR,Position
amino club promo code,5,1268,0.39%,7.25
amino club coupon code,5,401,1.25%,4.95
amino club discount code,4,815,0.49%,6.33
amino club coupon,4,88,4.55%,4.35
midwest peptide coupon code,4,37,10.81%,2.38
peptide professor,3,29,10.34%,5.66
peptide bac water calculator,3,29,10.34%,11.62
synthesis peptides coupon code,3,9,33.33%,2.22
glacier aminos,2,468,0.43%,9.6
aminoclub promo code,2,278,0.72%,6.71
amino club codes,2,178,1.12%,5.96
glacier aminos discount code,2,175,1.14%,4.26
amino club promo codes,2,150,1.33%,5.16
amino club discount codes,2,116,1.72%,4.88
glacier aminos coupon,2,67,2.99%,4.54
amino club code,1,145,0.69%,5.66
amino club discount,1,136,0.74%,6.17
aminoclub promo codes,1,49,2.04%,5.53
promo code amino club,1,33,3.03%,4.73
amino club peptides discount code,1,17,5.88%,4.53
aminoclub.com promo code,1,14,7.14%,4.29
amino club discount code 2026,1,14,7.14%,7
professor peptides,1,9,11.11%,12.56
amino vault coupon code,1,2,50%,4.5
aod and mots c,1,2,50%,29
biocollex,1,1,100%,2
aod 9604 and mots c stack,1,1,100%,10
aminoclub discount code,0,198,0%,6.2
thymosin beta 4,0,121,0%,70.89
glacier aminos peptides,0,106,0%,9.46
promo code for amino club,0,89,0%,4.26
igf-1 lr3,0,81,0%,61.25
thymosin beta 4 peptide,0,77,0%,65.74
thymosin beta-4,0,74,0%,65.57
glacier aminos coupon code,0,69,0%,5.3
amino club promo,0,63,0%,7.6
royal peptides coupon code,0,58,0%,8.6
tirzepatide,0,55,0%,87.76
bioregulator peptides,0,45,0%,51.27
oasis labs peptides,0,44,0%,7.3
igf 1 lr3,0,42,0%,60.43
aminoclub coupon,0,40,0%,3.67
follistatin,0,39,0%,74.38
thymosin beta 4 tb-500,0,36,0%,60.69
aminoclub discount codes,0,35,0%,4.74
amino club coupons,0,35,0%,5.11
aminoclub coupon code,0,33,0%,5.18
glucomannan,0,33,0%,56.79
kpv,0,33,0%,72.85
bioregulators peptides,0,32,0%,54.69
oasis labs discount code,0,31,0%,5.23
ipamorelin coupon code,0,30,0%,7.83
mk677 peptide,0,30,0%,70.9
epitalon vs nad+,0,29,0%,6.69
aminotech coupon codes,0,29,0%,33.31
igf 1 long r3,0,28,0%,45.54
follistatin peptide,0,28,0%,64.93
igf-1 peptide,0,28,0%,67.04
tirzepatide peptide,0,28,0%,68.89
igf 1 peptide,0,26,0%,65.81
amino club discounts,0,25,0%,7.8
tirzepatide glp-1 research peptide,0,25,0%,57.08
rhodiola rosea ashwagandha,0,24,0%,44
aminoclub codes,0,23,0%,4.87
igf peptide,0,23,0%,68.09
amino club peptides coupon code,0,22,0%,4.18
discount code for amino club,0,22,0%,6
glacieraminos,0,22,0%,8.95
royal peptides discount code,0,21,0%,8
igf-1 lr3 peptide,0,21,0%,56.43
efsa glucomannan weight loss claim 3 g daily water choking warning,0,20,0%,8.4
igf-1lr3,0,20,0%,64.35
tb-500 (thymosin beta-4) peptide,0,20,0%,69.8
glacier aminos retatrutide,0,19,0%,9.05
kpv peptide mechanism of action,0,19,0%,63.26
tb 500 thymosin beta 4,0,19,0%,77.47
follistatin 344,0,19,0%,80.47
efsa glucomannan weight loss claim 3 g per day water choking risk,0,18,0%,5.28
folliastatin 344,0,18,0%,40.72
glow 50 peptide,0,18,0%,40.78
igf 1lr3,0,18,0%,62.33
igf1 lr3,0,18,0%,66.89
efsa glucomannan weight loss claim water choking risk,0,17,0%,6.59
khavinson peptides,0,17,0%,36.76
thymosin beta 4 side effects,0,17,0%,45.94
follistatin peptides,0,17,0%,56.88
cagrisema,0,17,0%,86.47
efsa glucomannan weight loss 3 g daily water choking warning,0,16,0%,7.06
tirzepatide davis ca,0,16,0%,65.12
thymosin beta 4 tb500,0,16,0%,68.38
igf1 peptide,0,16,0%,71.06
tirzepatide moa,0,16,0%,75.75
bac water calculator,0,15,0%,26.73
peptide bioregulator,0,15,0%,53.67
peptide bioregulators,0,15,0%,57.67
igf long r3,0,15,0%,63.33
tb4 peptide,0,15,0%,73.53
thymosin beta 500,0,15,0%,79.07
cjc 1295 dac,0,15,0%,79.13
glacier aminos promo code,0,13,0%,4.23
efsa glucomannan weight loss claim 3 g daily water choking risk,0,13,0%,6.23
efsa glucomannan weight loss 3 g daily water choking risk,0,13,0%,6.54
aminotech discout codes,0,13,0%,25
beta alanine and creatine,0,13,0%,56.62
follistatin antibody,0,13,0%,74.54
efsa glucomannan weight loss claim 3 g per day water choking warning,0,12,0%,6.67
promo codes for amino club,0,12,0%,7.83
efsa glucomannan weight loss health claim 3 g daily water choking warning,0,12,0%,8.42
glow peptide,0,12,0%,44.58
ep sustained release l arginine,0,12,0%,78.17
nccih glucomannan safety swallowing obstruction,0,11,0%,9.73
core peptides discount code,0,11,0%,24.82
sermorelin for children,0,11,0%,62.45
igflr3 peptide,0,11,0%,66
tirzepatide brand name,0,11,0%,75.18
cjc 1295 with dac,0,11,0%,76
efsa glucomannan weight loss claim water choking warning,0,10,0%,5.5
royal peptide coupon code,0,10,0%,7
where is glacier aminos located,0,10,0%,7.8
can you use insulin needles for peptides,0,10,0%,8.4
royal peptides discount code 2026,0,10,0%,8.4
amino club promo codes 2026,0,10,0%,9.2
amino club promo code 2026,0,10,0%,10.2
ignite peptides coupon code,0,10,0%,13.8
midwest peptide,0,10,0%,18.2
peptide discounts,0,10,0%,24.2
rhodiola rosea with ashwagandha,0,10,0%,56.2
trusted peptide supplier,0,10,0%,66.8
tb-500 thymosin-beta-4,0,10,0%,80.3
aminoclub discount,0,9,0%,4.33
is 5 16 needle good for peptides,0,9,0%,8.11
paradigm peptides code,0,9,0%,22.78
amino usa coupon,0,9,0%,24.78
paradigm peptides coupon codes,0,9,0%,25.22
amino usa discount code,0,9,0%,30.44
bacteriostatic water calculator,0,9,0%,34.78
khavinson peptide bioregulators,0,9,0%,42.44
peptide vendor ratings,0,9,0%,47
glp-1 peptide tirzepatide,0,9,0%,56.11
beta alanine creatine,0,9,0%,62.67
selank laboratory reference material,0,9,0%,77.44
efsa glucomannan weight loss 3 g per day water choking warning,0,8,0%,7.38
oasis labs coupon,0,8,0%,10.62
glow50,0,8,0%,31.5
creatine vs beta alanine,0,8,0%,33.25
beta alanine vs creatine,0,8,0%,44.12
discount on peptides,0,8,0%,49.5
egrifta,0,8,0%,49.5
long r3 igf-1,0,8,0%,51.5
kpv coa,0,8,0%,52.5
peptide vendor directory,0,8,0%,54.38
beta alanine vs alanine,0,8,0%,55.75
elamipretide,0,8,0%,68.75
konjac root for weight loss,0,8,0%,75
cjc-1295 dac,0,8,0%,81.12
glacier aminos discount code 2026,0,7,0%,4.57
glacier aminos promo code 2026,0,7,0%,5.43
can i use insulin needles for peptides,0,7,0%,7.29
efsa glucomannan weight loss water choking warning,0,7,0%,8.71
glucomannan risk choking esophageal obstruction take with water warning,0,7,0%,9.43
peptide club discount code,0,7,0%,11.14
catalog peptide special offers,0,7,0%,31.29
thymogen,0,7,0%,40.86
muscle bioregulators,0,7,0%,52.14
rhodiola rosea and ashwagandha,0,7,0%,55.29
alanine vs beta alanine,0,7,0%,56.86
igf lr3,0,7,0%,60.14
follistatin legal,0,7,0%,65.71
tb-4 peptide,0,7,0%,67.57
tb4,0,7,0%,72.57
tb500 thymosin beta 4,0,7,0%,73.43
tb-500 thymosin beta-4,0,7,0%,80.43
how to use insulin syringes,0,7,0%,88.71
oasis labs coupon code,0,6,0%,4.17
aminoclub code,0,6,0%,5.17
efsa glucomannan weight loss health claim water choking warning,0,6,0%,6.33
glucomannan choking risk esophageal obstruction,0,6,0%,7.17
nad+ vs epitalon,0,6,0%,7.83
can you use insulin syringe for peptides,0,6,0%,9.5
can you use insulin syringes for peptides,0,6,0%,10.17
berberine ampk activation metformin comparison,0,6,0%,10.67
paradigm peptides coupons,0,6,0%,27.67
protide health coupon,0,6,0%,28.83
rhodiola rosea vs ashwagandha,0,6,0%,36.33
503b bulks list,0,6,0%,47.67
igf-1 lr3 half-life,0,6,0%,48.33
ghrh peptide,0,6,0%,52
thymosin injection,0,6,0%,60.33
1gf-1 lr3,0,6,0%,61.17
selank reference material,0,6,0%,62
follistatin supplements,0,6,0%,64.67
ss-31 elamipretide,0,6,0%,65.33
igf 1 lr3 side effects,0,6,0%,65.67
glucomannan side effects,0,6,0%,68.17
igf1 lr3 side effects,0,6,0%,70.5
mk677 peptides,0,6,0%,70.5
tb-500 thymosin beta 4,0,6,0%,84
follistatin-344,0,6,0%,84.17
aminoclub promo codes 2026,0,5,0%,3.4
efsa glucomannan weight loss 3 g per day water choking risk,0,5,0%,6
efsa glucomannan weight loss claim 3 g water choking warning,0,5,0%,6.2
royal peptide discount code,0,5,0%,7.2
do you use insulin needles for peptides,0,5,0%,10.2
glacier aminos llc,0,5,0%,10.2
amino club promo code first order,0,5,0%,10.6
epitalon vs nad,0,5,0%,10.6
"""cjc-1295 no dac half-life""",0,5,0%,11
klow peptide blend composition mg per vial ghk-cu bpc-157 tb-500 kpv,0,5,0%,12
what size needle for peptides,0,5,0%,16.6
ignite peptide,0,5,0%,20.2
peptide syringe,0,5,0%,22.2
aod 9604 and mots c together,0,5,0%,22.6
peptide parnter coupon code,0,5,0%,33
ashwagandha vs rhodiola rosea,0,5,0%,40.8
klow blend bpc 157,0,5,0%,41.2
khavinson bioregulators,0,5,0%,41.6
protyl ag coupon,0,5,0%,47.2
thymosin beta 4 dosing,0,5,0%,49.8
research verified garcinia cambogia,0,5,0%,53.4
tb 500 vs thymosin beta 4,0,5,0%,59.4
503b compounding pharmacy semaglutide,0,5,0%,63
lr3 igf,0,5,0%,63.8
original follistatin,0,5,0%,64.2
mk 677 peptides,0,5,0%,65
tb 4 peptide,0,5,0%,70.4
cjc with dac,0,5,0%,73.6
how to take glucomannan powder for weight loss,0,5,0%,81.4
kpv peptide side effects liver,0,5,0%,81.8
northwest peptides coupon code,0,4,0%,3.5
best coupon code for amino club,0,4,0%,4.25
epithalon vs nad+,0,4,0%,5.75
aminoclub.com discount code,0,4,0%,6.5
can you use 5/16 needle for peptides,0,4,0%,7.75
glucomannan choking risk take with water esophageal obstruction warning,0,4,0%,8.75
peptide club coupon code,0,4,0%,9
cardiac gene expression cortagen supplier,0,4,0%,9.75
fda pharmacy compounding advisory committee peptides july 2026,0,4,0%,9.75
peptide club promo code,0,4,0%,9.75
glacier amino peptides,0,4,0%,10
aminos research coupon,0,4,0%,12.25
particle peptides promo code,0,4,0%,12.5
klow peptide blend benefits ghk-cu bpc-157 tb-500 kpv,0,4,0%,13.5
glow aminos coupon code,0,4,0%,14.5
purerawz coupon code 2026,0,4,0%,18
arctic peptides coupon codes,0,4,0%,18.5
kpv vs bpc-157,0,4,0%,19.25
peptide partners coupon code discount promo 2026,0,4,0%,20
arctic peptide coupon code,0,4,0%,20.5
what syringe to use for peptides,0,4,0%,21
ignite peptides,0,4,0%,22.25
protide health discount code,0,4,0%,23
what size syringe for peptides,0,4,0%,23
glow 50,0,4,0%,24.5
cga l-carnitine egcg,0,4,0%,26.25
peptider glow,0,4,0%,30.5
glow 50mg,0,4,0%,31
peptides khavinson,0,4,0%,34.25
creatine vs beta-alanine,0,4,0%,36.75
khavinson peptide,0,4,0%,36.75
beta-alanine vs creatine,0,4,0%,37.25
cortagen peptide,0,4,0%,40.75
khavinson bioregulator peptides,0,4,0%,40.75
cortagen peptide benefits,0,4,0%,42
beta-alanine and creatine,0,4,0%,44.5
arginine growth hormone,0,4,0%,49.25
khavinson peptides oral bioavailability pinealon epitalon,0,4,0%,49.25
follistatin supplement,0,4,0%,55
is tirzepatide a peptide,0,4,0%,55.5
igf 1 lr3 1mg,0,4,0%,56
thymalfasin,0,4,0%,57.25
igf 1 lr3 peptide,0,4,0%,58.5
trusted peptide vendors,0,4,0%,59
tb4 vs tb500,0,4,0%,60
glucomanan,0,4,0%,60.25
follistatin protein,0,4,0%,61.25
igf lr3 peptide,0,4,0%,61.5
lr3 peptide,0,4,0%,62.5
folistatin peptid,0,4,0%,63
igf-lr3 1mg,0,4,0%,64
503b pharmacy semaglutide,0,4,0%,64.5
igf-1 lr3 side effects,0,4,0%,66.25
lion's mane neurogenesis,0,4,0%,66.25
igf lr3 side effects,0,4,0%,66.5
tirzepatide peptides,0,4,0%,67
ibutamoren peptide,0,4,0%,68.25
lgf1 peptide,0,4,0%,68.25
1295 dac,0,4,0%,68.5
thymosin b4 peptide,0,4,0%,69.75
tb-500 thymosin beta-4 peptide,0,4,0%,71
original dsip,0,4,0%,72
peptide mk 677,0,4,0%,73.75
fst 344,0,4,0%,76
igf 1 pitkä r3,0,4,0%,76
how much bac water for 10mg peptide,0,4,0%,77
thymosin beta,0,4,0%,77
maritide,0,4,0%,78.5
cjc-1295 with dac,0,4,0%,79.5
cagrilinitide,0,4,0%,87.75
aminoclub promo code 2026,0,3,0%,3
amino club coupon code 2026,0,3,0%,5
rybelsus vs retatrutide,0,3,0%,5.67
amino science discount code,0,3,0%,6
retatrutide phase 3 approval status 2026 comparison tirzepatide semaglutide,0,3,0%,7
efsa glucomannan weight loss health claim water choking risk,0,3,0%,7.33
kpv half life,0,3,0%,7.33
amino club discount codes 2026,0,3,0%,7.67
glucomannan choking hazard esophageal obstruction,0,3,0%,8
rc peptides discount code,0,3,0%,8
bac water rate calculator,0,3,0%,8.67
glucomannan choking risk esophageal obstruction take with water warning,0,3,0%,9.33
glacier aninos,0,3,0%,9.67
nccih glucomannan safety choking esophageal obstruction,0,3,0%,9.67
royal peptides coupon,0,3,0%,10
efsa glucomannan weight loss claim 3 g daily low energy diet,0,3,0%,10.33
amino vault discount code,0,3,0%,11
glow aminos promo code,0,3,0%,11
pcac meeting july 2026 peptides,0,3,0%,11
what needles are best for peptides,0,3,0%,12
fda pcac meeting july 2026 peptides bpc-157 tb-500,0,3,0%,12.67
what kind of needles for peptides,0,3,0%,13
what gauge needle is best for peptides,0,3,0%,14.33
best insulin syringes for peptide injections 2026,0,3,0%,15.33
fda pcac meeting july 2026 peptides bpc-157 tb-500 status,0,3,0%,15.33
needles for peptides,0,3,0%,17.33
ascension peptides discount code,0,3,0%,17.67
can you take mots c and aod 9604 together,0,3,0%,18.33
peptide syringe sizes,0,3,0%,19
cardiogen peptide khavinson,0,3,0%,19.67
aod-9604 and mots-c together,0,3,0%,20.33
semaglutide vs tirzepatide vs retatrutide,0,3,0%,23
protide health discount code 2026,0,3,0%,24.33
peptidepros coupon,0,3,0%,26.33
polaris peptides coupon code,0,3,0%,27.33
peptide science promo code,0,3,0%,27.67
compound sciences coupon code,0,3,0%,28.67
ghrh analog,0,3,0%,29.67
thymagen,0,3,0%,30
peptidology discount code,0,3,0%,30.33
cortagen peptide khavinson,0,3,0%,30.67
protide health coupon code,0,3,0%,32
peptilab coupon code,0,3,0%,35
tb500 wiki,0,3,0%,36
cortagen benefits,0,3,0%,37
aod 9604 vs mots-c,0,3,0%,39
amino asylum coupon codes,0,3,0%,39.33
promo code for peptide sciences,0,3,0%,39.33
l citrulline malate pre workout,0,3,0%,40.67
cortagen,0,3,0%,41
thymosin beta 4 dosage,0,3,0%,42.67
semax selank for postoperative cognitive dysfunction or anesthesia recovery,0,3,0%,45.67
follistatin 344 half life,0,3,0%,46.67
oasis labs,0,3,0%,46.67
epithalon vs nmn anti-aging,0,3,0%,47
ashwagandha rhodiola rosea,0,3,0%,48
egrifta reviews,0,3,0%,48
peptide special offers,0,3,0%,48.33
igf-1 lr3 1mg peptide,0,3,0%,49.67
follistatin 344 side effects,0,3,0%,51
glutamine peptides,0,3,0%,51
is glp 2tz tirzepatide,0,3,0%,53.67
thymosin beta 4 vs tb-500,0,3,0%,54.33
follistatin 344 dosage,0,3,0%,56.33
thymosin beta 4 vs tb 500,0,3,0%,56.33
75. vetted peptide vendors,0,3,0%,56.67
selank research,0,3,0%,57.33
beta-alanine vs alanine,0,3,0%,57.67
konjac glucomannan,0,3,0%,60
igf 1 lr3 peptid,0,3,0%,62.33
igf 1 peptide side effects,0,3,0%,62.33
igf1 lr3 peptide,0,3,0%,62.67
triumph 1 retatrutide,0,3,0%,63
glucomannan market,0,3,0%,63.67
igf peptides,0,3,0%,64
tirzepatide mw,0,3,0%,64.33
1gf 1 lr3,0,3,0%,65.33
citrulline malate,0,3,0%,66.33
dsip pep,0,3,0%,66.33
thymosin tb 500,0,3,0%,68
igf1lr3,0,3,0%,69.33
tb-4 tb500,0,3,0%,69.67
is glucomannan safe,0,3,0%,70
research tirzepatide,0,3,0%,70
follistatin for muscle growth,0,3,0%,72.33
selank research compound,0,3,0%,72.33
thymosine beta 4,0,3,0%,72.67
mk-677 (oral),0,3,0%,73
how do peptide bioregulators work,0,3,0%,74
cjc+dac,0,3,0%,74.67
meritide,0,3,0%,75
cjc 1295 dac with ipamorelin,0,3,0%,75.33
cjc1295 dac where to inject,0,3,0%,77
igf1-lr3,0,3,0%,77
peptide tirzepatide,0,3,0%,80
trizepitide,0,3,0%,81.67
follistatin gene therapy,0,3,0%,83
cjc 1295 w dac,0,3,0%,83.67
how to use glucomannan powder,0,3,0%,91.67
trizepatide,0,3,0%,92.33
what does kpv peptide do,0,3,0%,97.33
cortagen khavinson peptide,0,2,0%,1
aminoclub coupons,0,2,0%,3
cardiovascular indicator regulation cortagen supplier,0,2,0%,3.5
aminoclub.com coupon code,0,2,0%,4
aminoclub promo,0,2,0%,5.5
glacier aminos coupon code 2026,0,2,0%,5.5
klow and zinc,0,2,0%,6
retatrutide vs rybelsus,0,2,0%,6.5
can you inject peptides with insulin needles,0,2,0%,7
cortexin vs cortagen,0,2,0%,7.5
fda pcac july 2026 bpc-157 decision outcome,0,2,0%,7.5
glacieramino,0,2,0%,7.5
standard insulin syringe units per ml for peptide dosing,0,2,0%,8
clinicaltrials.gov pinealon edr peptide,0,2,0%,8.5
"""cardiogen"" ""ala-glu-asp-arg"" pubmed",0,2,0%,9
"""peptide partners"" coupon or discount or promo code",0,2,0%,9
aminos research coupon code,0,2,0%,9
berberine metformin ampk activation comparison,0,2,0%,9
efsa glucomannan weight loss authorised health claim 3 g daily,0,2,0%,9
is 31 gauge needle good for peptides,0,2,0%,9
efsa glucomannan weight loss 3 g per day before meals water,0,2,0%,9.5
insulin needles for peptides,0,2,0%,9.5
amino club llc,0,2,0%,10
efsa glucomannan weight loss claim satiety,0,2,0%,10
fda pcac meeting july 2026 peptides bulks list,0,2,0%,10
glacier aminos official website,0,2,0%,10
glacier peptides,0,2,0%,10
glucomannan esophageal obstruction cases,0,2,0%,10
insulin syringe for peptides,0,2,0%,10
royal peptides promo code,0,2,0%,10
u-100 insulin syringe markings for peptide dosing,0,2,0%,10
what needles should i use for peptides,0,2,0%,10
whats the best syringe for peptides,0,2,0%,10
gene expression regulation cortagen supplier,0,2,0%,10.5
nccih glucomannan safety choking obstruction,0,2,0%,10.5
peptide needle length,0,2,0%,10.5
what needle length for peptides,0,2,0%,10.5
where can i buy a high-potency lion’s mane extract for neurogenesis?,0,2,0%,10.5
which syringes for peptides,0,2,0%,10.5
are insulin needles good for peptides,0,2,0%,11
glow peptide supplement glow peptide product,0,2,0%,11
30 vs 31 gauge needle for peptides,0,2,0%,11.5
is 5/16 needle good for.peptides,0,2,0%,11.5
klow fatigue,0,2,0%,11.5
5-amino-1mq nnmt inhibitor human clinical trial safety,0,2,0%,12
what size needle to use for peptides,0,2,0%,12
glacieraminos.shop,0,2,0%,12.5
what gauge needle for peptides,0,2,0%,13
what size needles to use for peptides,0,2,0%,13
what type of syringe is used for peptides,0,2,0%,13
berberine ampk activation similar to metformin,0,2,0%,14
glacier aminos.,0,2,0%,14
insulin syringes for peptides,0,2,0%,14.5
peptide partners promo code 2026,0,2,0%,15
5-amino-1mq nnmt inhibitor for sale,0,2,0%,15.5
iron peptides discount code,0,2,0%,15.5
ascension peptides discount code 2026,0,2,0%,16
best needle gauge for peptide injections subcutaneous,0,2,0%,16
best syringes for peptide injections subcutaneous,0,2,0%,17
klow peptide blend side effects bpc-157 tb-500 ghk-cu kpv,0,2,0%,17.5
best insulin syringes for peptides,0,2,0%,18.5
peptide injection needle size,0,2,0%,18.5
peptidesciences coupon,0,2,0%,18.5
best syringes for injecting peptides,0,2,0%,19
klow peptide blend dosing ghk-cu bpc-157 tb-500 kpv,0,2,0%,19
best syringes for peptides injection,0,2,0%,19.5
biotech peptides coupon codes 2026,0,2,0%,20
sermorelin ghrh analogue australia,0,2,0%,20
arctic peptides promo code,0,2,0%,21
cortagen peptide dosage,0,2,0%,21
midwest peptides,0,2,0%,21
paradigm peptides coupon code,0,2,0%,21.5
what type of syringe for peptides,0,2,0%,22.5
peptide needle sizes,0,2,0%,24
peptide sciences code,0,2,0%,24
peptide partners coupon code,0,2,0%,24.5
ascension peptides coupon code,0,2,0%,26
hcg bac water calculator,0,2,0%,26.5
oath peptides promo code,0,2,0%,28.5
what syringe do you use for peptides,0,2,0%,28.5
amino coupons,0,2,0%,29
polaris peptide discount code,0,2,0%,29.5
peptide science discount code,0,2,0%,30
peptidology coupon,0,2,0%,30
paramount peptides coupon code,0,2,0%,30.5
peptide syringes,0,2,0%,30.5
peptidology promo code 2026,0,2,0%,30.5
ashwagandha vs rhodiola,0,2,0%,32
modern aminos promo code,0,2,0%,32
peptide pros coupon,0,2,0%,32.5
dac ipamorelin,0,2,0%,34
follistatin peptide dosage,0,2,0%,34.5
kpv anti-inflammatory peptide australia,0,2,0%,34.5
amp peptides discount code,0,2,0%,36
glow50 peptide,0,2,0%,36.5
tirzepatide and bpc 157,0,2,0%,36.5
eros peptides coupon code,0,2,0%,37.5
rip peptide,0,2,0%,37.5
peptide sciences coupons,0,2,0%,39
aod-9604 vs mots-c,0,2,0%,39.5
why did peptide sciences shut down,0,2,0%,39.5
beta alanine or creatine,0,2,0%,41.5
how much bac water for 100mg ghk cu calculator,0,2,0%,42.5
vladimir khavinson peptides,0,2,0%,42.5
aod 9604 peptide vs mots c,0,2,0%,43.5
pinealon research peptide,0,2,0%,43.5
tb4 dosage,0,2,0%,43.5
klow lab tested,0,2,0%,44
mtp-131,0,2,0%,44
mots c and aod 9604,0,2,0%,45
egrifta tesamorelin,0,2,0%,45.5
follistatin 344 vs 315,0,2,0%,46
exendin 4 in tirzepatide,0,2,0%,46.5
pre workout with citrulline malate,0,2,0%,47
top peptide standards suppliers,0,2,0%,47.5
how much bac water for 50mg ghk cu calculator,0,2,0%,48
arginine and hgh,0,2,0%,49
peptide bioregulators supplements,0,2,0%,49
thymosin,0,2,0%,49
peptides igf,0,2,0%,49.5
propeptide,0,2,0%,49.5
igf 1 lr3 peptides,0,2,0%,50.5
konjac mannan,0,2,0%,50.5
glow70,0,2,0%,51
creatine and beta alanine,0,2,0%,51.5
geref,0,2,0%,51.5
tb4 frag side effects,0,2,0%,51.5
research purpose labs discount code,0,2,0%,52.5
cagrisema 10mg,0,2,0%,53.5
diamond glow peptide,0,2,0%,53.5
glutamine peptide,0,2,0%,53.5
igf1 lr3 half life,0,2,0%,53.5
tongkat ali shbg,0,2,0%,53.5
konjac supplement,0,2,0%,54.5
maca peptide,0,2,0%,54.5
peptide promotion,0,2,0%,56.5
biochem protein promo codes,0,2,0%,57
thymosin beta 4 2mg,0,2,0%,57.5
glucomannan flour,0,2,0%,58.5
glucomannane konjac,0,2,0%,59
igf1 lr3 1mg,0,2,0%,59
follistatin 315 supplement,0,2,0%,59.5
most trusted peptide supplier,0,2,0%,59.5
bioregulators,0,2,0%,60
hydroxycitric,0,2,0%,60
spermidine trihydrochloride uses,0,2,0%,60
tirzepatide molecular weight,0,2,0%,60
b glucan or konjac glucomannan,0,2,0%,61
maca root extract powder macamides,0,2,0%,61
best peptide vendors,0,2,0%,62
biochem protein coupons,0,2,0%,62
fst344,0,2,0%,62.5
igf-1 long r3,0,2,0%,62.5
peptide igf,0,2,0%,62.5
tb4 vs tb 500,0,2,0%,62.5
thymasin,0,2,0%,62.5
tirzepatide a peptide,0,2,0%,62.5
tirzepatide peptide 20mg,0,2,0%,62.5
konjac root weight loss,0,2,0%,63
is beta alanine creatine,0,2,0%,63.5
maca root prostate,0,2,0%,63.5
glp 157 peptide,0,2,0%,64
glucomannan for constipation,0,2,0%,64
glucomannan's therapeutic uses,0,2,0%,64
prorx 503b,0,2,0%,64
side effects of igf 1 lr3,0,2,0%,64
side effects of igf-1 lr3,0,2,0%,64
t beta 4,0,2,0%,64.5
pt-141 third party tested,0,2,0%,65
best peptide vendor,0,2,0%,65.5
lions mane ngf,0,2,0%,65.5
retatrutide ly3437943,0,2,0%,66
lion's mane ngf,0,2,0%,66.5
mk-677-research,0,2,0%,66.5
peptides tirzepatide,0,2,0%,66.5
follistatiinipeptidi,0,2,0%,67
acetamoren,0,2,0%,67.5
follistatin 315,0,2,0%,67.5
glucomannan constipation,0,2,0%,67.5
afamelanotid,0,2,0%,68
glow compound peptide,0,2,0%,68
lr3 igf1,0,2,0%,68
tb4 peptide injection,0,2,0%,68
how to take glucomannan for weight loss,0,2,0%,68.5
igf1 l3,0,2,0%,68.5
mk-677 research,0,2,0%,68.5
what is tb4 peptide,0,2,0%,68.5
glucomannan side effect,0,2,0%,69
peptides mk677,0,2,0%,69.5
tb400 peptide,0,2,0%,69.5
best peptide supplier,0,2,0%,70
what is follistatin,0,2,0%,70
retatrutide vs exenatide,0,2,0%,70.5
tirzepatide glp-2,0,2,0%,70.5
igf-1 lr,0,2,0%,71
mk 677 peptide,0,2,0%,71
afamelanotide,0,2,0%,71.5
what is tb4,0,2,0%,71.5
igf 1 lr 3,0,2,0%,72.5
tirz glp 2,0,2,0%,72.5
maca dht,0,2,0%,73
glucomannan benefits,0,2,0%,73.5
best research peptide supplier,0,2,0%,75
how to use igf 1 lr3,0,2,0%,75
l citrulline and citrulline malate,0,2,0%,75
igf 1 lång r3,0,2,0%,76.5
what is in glow peptide,0,2,0%,77
konjac root and weight loss,0,2,0%,78.5
peptide cjc 1295 dac,0,2,0%,79.5
"endocrine research,trial tags,40",0,2,0%,80.5
is l citrulline good for prostate,0,2,0%,82.5
konjac and weight loss,0,2,0%,83
what is glucomannan good for,0,2,0%,83
follistatin bodybuilding,0,2,0%,83.5
ziptide,0,2,0%,83.5
cjc dac,0,2,0%,84
immoden,0,2,0%,84.5
konjac weight loss,0,2,0%,86
peptide tb4,0,2,0%,88.5
thymosin alpha 1 for injection,0,2,0%,89
where to find peptide promotion,0,2,0%,89
zepatide,0,2,0%,90
insulin syringes how to use,0,2,0%,91
tirzepatide 100mg,0,2,0%,91
follistatin peptide apotheek,0,2,0%,92
mots-c-gmp,0,2,0%,92.5
how many mg is 40 units of tirzepatide,0,2,0%,95
maca root aphrodisiac,0,2,0%,98
aod-9604 pubmed,0,1,0%,1
best needles to use for peptides,0,1,0%,1
nad+ bac water calculator,0,1,0%,1
peptide bacteriostatic water calculator,0,1,0%,1
bac water for peptides calculator,0,1,0%,2
kovera labs discount code,0,1,0%,2
peptide partners discount code,0,1,0%,2
professor peptide,0,1,0%,2
profi petid,0,1,0%,2
tesamorelin coupon code,0,1,0%,2
mots-c coupon code,0,1,0%,4
cortagen peptide bioregulator,0,1,0%,5
efsa glucomannan weight loss 3 g water choking warning,0,1,0%,5
forzinity,0,1,0%,5
selank adhd clinical trials or studies,0,1,0%,5
amino tech discount code,0,1,0%,6
bpc-157 fda pharmacy compounding advisory committee july 2026,0,1,0%,6
efsa glucomannan weight loss health claim 3 g daily water choking risk,0,1,0%,6
ez peptides code,0,1,0%,6
"fda pharmacy compounding advisory committee peptides july 2026 bpc-157 
tb-500",0,1,0%,6
klow peptide kpv,0,1,0%,6
nnmt,0,1,0%,6
royal peptides coupon code 2026,0,1,0%,6
tirzepatide vs ozempic vs retatrutide,0,1,0%,6
amino club peptides promo code,0,1,0%,7
can you take aod 9604 and mots c together,0,1,0%,7
clinicaltrials.gov nnmt inhibitor 5-amino-1mq,0,1,0%,7
clinicaltrials.gov 5-amino-1mq nnmt inhibitor,0,1,0%,8
efsa glucomannan weight loss claim 3 g daily,0,1,0%,8
fda pcac july 2026 peptides list,0,1,0%,8
fda pcac july 2026 peptides outcome or decision,0,1,0%,8
glacial aminos,0,1,0%,8
klow headache,0,1,0%,8
midwestpep,0,1,0%,8
semaglutide step 1 trial 14.9% weight loss 68 weeks nejm 2021,0,1,0%,8
standard insulin syringe units for peptide dosing,0,1,0%,8
"""klow"" ""bpc-157"" ""tb-500"" ""ghk-cu""",0,1,0%,9
"""klow"" bpc-157 tb-500 ghk-cu dose",0,1,0%,9
efsa glucomannan weight loss health claim 3 g daily,0,1,0%,9
fda advisory committee peptides july 2026,0,1,0%,9
glucomannan efsa weight loss,0,1,0%,9
klow peptide blend ingredients bpc-157 tb-500 ghk-cu kpv,0,1,0%,9
retatrutide vs tirzepatide vs semaglutide weight loss trial,0,1,0%,9
5 16 or 1 2 needle for peptides,0,1,0%,10
5-amino-1mq what is it nnmt inhibitor,0,1,0%,10
bpc-157 pcac july 2026 outcome or decision,0,1,0%,10
cortexin buy,0,1,0%,10
efsa green tea catechins safety liver injury 800 mg egcg,0,1,0%,10
efsa green tea catechins supplements 800 mg egcg liver safety,0,1,0%,10
egrifta tesamorelin prescribing information fda,0,1,0%,10
fda pcac meeting july 2026 bpc-157,0,1,0%,10
fda pcac meeting july 2026 peptides,0,1,0%,10
fda pharmacy compounding advisory committee july 2026 peptides outcome,0,1,0%,10
glacer aminos,0,1,0%,10
goacier aminos,0,1,0%,10
how many units is 500 mcg on an insulin syringe,0,1,0%,10
is 8mm needle good for peptides,0,1,0%,10
klow peptide blend bpc-157 tb-500 ghk-cu,0,1,0%,10
klow peptide blend composition ghk-cu bpc tb kpv,0,1,0%,10
klow peptide blend composition ghk-cu bpc tb-500 kpv,0,1,0%,10
peptide disclaimer,0,1,0%,10
peptide partners discount code 2026,0,1,0%,10
pinealon edr peptide pubmed,0,1,0%,10
retatrutide phase 3 approval status 2026 comparison semaglutide tirzepatide,0,1,0%,10
retatrutide phase 3 weight loss compared with tirzepatide semaglutide 2026,0,1,0%,10
semaglutide tirzepatide retatrutide comparison,0,1,0%,10
standard insulin syringe units for peptide dosing 100 unit syringe,0,1,0%,10
standard insulin syringe units per ml for peptides,0,1,0%,10
tesamorelin egrifta fda label,0,1,0%,10
tesamorelin fda label egrifta,0,1,0%,10
5-amino-1-methylquinolinium nnmt inhibitor,0,1,0%,11
5-amino-1mq nnmt inhibitor research,0,1,0%,11
amino club 50 off,0,1,0%,11
ascension peptides promo code,0,1,0%,11
bpc-157 pcac meeting outcome july 2026,0,1,0%,11
can i use an insulin syringe to reconstitute peptides,0,1,0%,11
"clinicaltrials.gov ""5-amino-1-methylquinolinium""",0,1,0%,11
efsa glucomannan weight loss authorized health claim 3 g daily,0,1,0%,11
efsa glucomannan weight loss claim 3 g per day,0,1,0%,11
efsa glucomannan weight loss health claim 3 g day,0,1,0%,11
efsa glucomannan weight loss health claim 3 g per day water,0,1,0%,11
fda pcac meeting july 2026 peptides compounding,0,1,0%,11
glucomannan take with plenty of water risk choking esophageal obstruction,0,1,0%,11
how long are peptide needles,0,1,0%,11
klow peptide blend ghk-cu bpc-157 tb-500 kpv composition,0,1,0%,11
kpv peptide and bpc 157 together,0,1,0%,11
reta vs semaglutide,0,1,0%,11
trident peptide promo code,0,1,0%,11
30 or 31 gauge needle for peptides,0,1,0%,12
5-amino-1mq peptide or small molecule nnmt inhibitor,0,1,0%,12
amino vault coupon code first order,0,1,0%,12
aod9604 vs mots c,0,1,0%,12
can i reuse syringes for peptides,0,1,0%,12
efsa glucomannan weight loss 3 g daily claim,0,1,0%,12
glucomannan efsa weight loss claim,0,1,0%,12
kpv peptide half-life,0,1,0%,12
what is the best size needle for peptides,0,1,0%,12
what needles are used for peptides,0,1,0%,12
1/2 vs 5/16 needle for peptides,0,1,0%,13
30 or 31 gauge for peptides,0,1,0%,13
5-amino-1mq human clinical trial nnmt inhibitor safety,0,1,0%,13
klow peptide benefits ghk-cu bpc-157 tb-500 kpv,0,1,0%,13
peptagon discount code,0,1,0%,13
europa peptide rabatt code,0,1,0%,14
midwest peptide.,0,1,0%,14
peptide giants coupon,0,1,0%,14
bpc-157 price drop or sale or discount or coupon 2026,0,1,0%,15
melanotan 1 half life,0,1,0%,15
peptide partners coupon code 2026,0,1,0%,15
almighty peptides coupon code,0,1,0%,16
insulin syringes peptides,0,1,0%,16
klow peptide blend side effects ghk-cu bpc-157 tb-500 kpv,0,1,0%,16
luer lock syringe for peptides,0,1,0%,16
peptides needle size,0,1,0%,16
polar peptide discount code,0,1,0%,16
bpc 157 and tirzepatide,0,1,0%,17
ez peptides coupon code 2026,0,1,0%,17
glacieraminos.shop reviews,0,1,0%,17
klow blend ghk-cu bpc-157 tb-500 kpv dosage protocol,0,1,0%,17
peptide calculator bac water,0,1,0%,17
peptide needle,0,1,0%,17
peptide needles,0,1,0%,17
proforma peptides discount code,0,1,0%,17
protide health coupon code discount 2026,0,1,0%,17
retatrutide vs semaglutide side effects comparison,0,1,0%,17
solid peptides coupon code,0,1,0%,17
syringe for peptides,0,1,0%,17
unyx peptides coupon code,0,1,0%,17
best syringes for peptide injections,0,1,0%,18
klow peptide blend benefits bpc-157 tb-500 ghk-cu kpv,0,1,0%,18
syringes for peptides,0,1,0%,18
best syringe for peptides,0,1,0%,19
core peptides discount code 2026,0,1,0%,19
limitless biotech coupon codes 2026,0,1,0%,19
nuscience peptides discount code,0,1,0%,19
peptide sciences coupon,0,1,0%,19
retatrutide vs semaglutide weight loss comparison clinical trials,0,1,0%,19
syringes and needles for peptides,0,1,0%,19
vitamin shoppe citrulline malate,0,1,0%,19
best syringe for peptides injection,0,1,0%,20
best syringes for injecting peptides subcutaneous,0,1,0%,20
core peptides discount codes,0,1,0%,20
cortexin,0,1,0%,20
follistatin 344 peptide side effects,0,1,0%,20
limitless biotech coupon code 2026,0,1,0%,20
particle peptides discount code,0,1,0%,20
peptide partners discount codes,0,1,0%,20
peptidesciences.com discount code,0,1,0%,20
peptime discount code,0,1,0%,20
polaris peptides coupon,0,1,0%,20
polaris peptides discount code,0,1,0%,20
protide health coupon codes 2026,0,1,0%,20
recommended needle gauge for peptide injections,0,1,0%,20
research peptide website privacy,0,1,0%,20
what syringe should i use for peptides,0,1,0%,20
best syringes for peptides,0,1,0%,21
does klow need to be refrigerated,0,1,0%,21
khavinson peptides list,0,1,0%,21
what insulin needles for peptides,0,1,0%,21
paradigm peptide coupon code,0,1,0%,22
peptide science coupon,0,1,0%,22
syringes peptides,0,1,0%,22
frag 17 23 peptide,0,1,0%,23
paradigm peptides discount codes,0,1,0%,23
ameano peptides discount codes,0,1,0%,24
ignitepeptides,0,1,0%,24
jym citrulline malate,0,1,0%,24
kpv dosage,0,1,0%,24
peptology discount code,0,1,0%,24
propeptideresearch,0,1,0%,24
puratek peptides coupon code,0,1,0%,24
selank,0,1,0%,24
core peptide coupon code,0,1,0%,25
genx peptides coupon code,0,1,0%,25
needles peptides,0,1,0%,25
peptide shop coupon code,0,1,0%,25
peptidex coupon,0,1,0%,25
pinealon bioregulator,0,1,0%,25
polar peptides discount code,0,1,0%,25
high concentration spermidine extract,0,1,0%,26
peptidology coupons,0,1,0%,26
what syringes are used for peptides,0,1,0%,26
grey axis coupon code,0,1,0%,27
peptagon coupon code,0,1,0%,27
peptide sciences promo,0,1,0%,27
amp tirzepatide,0,1,0%,28
brain cell bioregulator,0,1,0%,28
extreme peptides coupon,0,1,0%,28
nootropics depot lion's mane,0,1,0%,28
peptide science coupon code,0,1,0%,28
purerx peptides coupon,0,1,0%,28
apex peptides discount code,0,1,0%,29
injection needles for peptides,0,1,0%,29
purerx peptides discount code,0,1,0%,29
amino usa promo code,0,1,0%,30
peptide crafters promo code,0,1,0%,30
peptidology discount,0,1,0%,30
alphaglycerylphosphorylcholine,0,1,0%,31
peptidology discount code 2026,0,1,0%,31
bpc-157 and tirzepatide together,0,1,0%,32
insulin syringes are calibrated in,0,1,0%,32
klow third party tested,0,1,0%,32
pure lab peptides coupon code,0,1,0%,32
tb-500 wiki,0,1,0%,32
ac peptides coupon code,0,1,0%,33
arginine precursor,0,1,0%,33
jbsnf peptide,0,1,0%,33
lions mane bdnf,0,1,0%,33
modern amino coupon code,0,1,0%,33
modern aminos coupon,0,1,0%,33
peptide giants discount code,0,1,0%,33
peptidology coupon code 2026,0,1,0%,33
profound aminos coupon,0,1,0%,33
profound aminos coupon codes,0,1,0%,33
semaglutide with bpc 157,0,1,0%,33
peptide sciences promo code first order,0,1,0%,34
protide health coupon code 2026,0,1,0%,34
pure peptides labs discount code,0,1,0%,34
retatrutide vs dulaglutide,0,1,0%,34
tesamorelin fda label egrifta prescribing information,0,1,0%,34
what size needle for reconstituting peptides,0,1,0%,34
best research peptide vendor 2026,0,1,0%,35
khavinson peptides uk,0,1,0%,35
mots c vs aod9604,0,1,0%,35
peptide khavinson,0,1,0%,35
profound aminos discount code,0,1,0%,35
ss-31 peptide,0,1,0%,35
amino asylum discount codes,0,1,0%,36
amino asylum promo codes,0,1,0%,36
follestatin,0,1,0%,36
melanotide,0,1,0%,36
peptide sciences discount code,0,1,0%,36
best peptide standards suppliers,0,1,0%,37
compound purity coupon code,0,1,0%,37
mots c aod 9604,0,1,0%,37
paramount peptides coupon,0,1,0%,37
research purpose labs coupon code,0,1,0%,37
retatrutide vs semaglutide,0,1,0%,37
glow.peptide,0,1,0%,38
igf lr3 half life,0,1,0%,38
is tesamorelin fda approved,0,1,0%,38
kpv topical cream,0,1,0%,38
l arginine growth hormone,0,1,0%,38
nootropics lion's mane,0,1,0%,38
nootropics lions mane,0,1,0%,38
aod 9604 vs mots c,0,1,0%,39
aod mots c,0,1,0%,39
bpc 157 and semaglutide,0,1,0%,39
most popular khavinson peptides,0,1,0%,39
mots c or aod 9604,0,1,0%,39
particle coupon code,0,1,0%,39
retatrutide vs cotadutide,0,1,0%,39
special peptide promotion,0,1,0%,39
cvreoz tirzepatide oral solution,0,1,0%,40
is beta alanine better than creatine,0,1,0%,40
mots c and aod 9604 together,0,1,0%,40
rhodiola rosea or ashwagandha,0,1,0%,40
russian bioregulators,0,1,0%,40
arginine gh,0,1,0%,41
particle for men promo code,0,1,0%,41
sermorelin half life,0,1,0%,41
tesamorelin fda label egrifta sv prescribing information,0,1,0%,41
aod 9604 with mots c,0,1,0%,42
best peptide standards manufacturers,0,1,0%,42
creatine or beta alanine,0,1,0%,42
oasis lab,0,1,0%,42
paramount peptides discount code,0,1,0%,42
peptide standards suppliers,0,1,0%,42
selank wikipedia,0,1,0%,42
vladimir khavinson pinealon epitalon,0,1,0%,42
ashwagandha e rhodiola rosea,0,1,0%,43
citrulline peptide,0,1,0%,43
l arginine and growth hormone,0,1,0%,43
egcg and caffeine,0,1,0%,44
mtp 131,0,1,0%,44
nnmt inhibitor supplement,0,1,0%,44
sermorelin wiki,0,1,0%,44
mots c peptide vs aod 9604,0,1,0%,45
mots-c vs aod9604,0,1,0%,45
myoasislabs,0,1,0%,45
profound aminos coupon code,0,1,0%,45
what is a propeptide,0,1,0%,45
bachem peptide calculator,0,1,0%,46
follistatin dosage,0,1,0%,46
ibutamoren elimination half life,0,1,0%,46
pure health peptides coupon code first order,0,1,0%,46
r3 igf 1,0,1,0%,46
semaglutide 503b,0,1,0%,46
zadaxin,0,1,0%,46
l-arginine and l-lysine growth hormone,0,1,0%,47
nad+ mots-c and 5-amino-1mq,0,1,0%,47
rhodiola rosea and ashwagandha together,0,1,0%,47
selank mechanism of action,0,1,0%,47
top peptide standards manufacturers,0,1,0%,47
503b semaglutide,0,1,0%,48
aod vs mots c,0,1,0%,48
ashwagandha and rhodiola rosea,0,1,0%,48
ashwagandha phosphatidylserine rhodiola cortisol reduction studies,0,1,0%,48
coupon code for peptide sciences,0,1,0%,48
follistatin 344 dosage per day,0,1,0%,48
keto garcinia,0,1,0%,48
proline rich polypeptides,0,1,0%,48
simple peptide coupon code first order,0,1,0%,48
triumph-1 retatrutide,0,1,0%,48
ac kpv nh2,0,1,0%,49
l arginine growth,0,1,0%,49
ashwagandha or rhodiola rosea,0,1,0%,50
bendavia,0,1,0%,50
beta alanine vs betaine,0,1,0%,50
how much l arginine to boost hgh,0,1,0%,50
mounjaro tirzepatide mechanism of action glp-1 gip receptor agonist,0,1,0%,50
nerve growth factor lion's mane,0,1,0%,50
peptide bio regulators,0,1,0%,50
peptide sciences alternative,0,1,0%,50
profound science peptides,0,1,0%,50
tb4 side effects,0,1,0%,50
tirzepatide peptide 15mg,0,1,0%,50
citrulline malate pre workout,0,1,0%,51
cjc with dac protocol,0,1,0%,51
glow peptides,0,1,0%,51
tb 500 mechanism of action,0,1,0%,51
follistatin 344 cycle,0,1,0%,52
kpv peptide cas number,0,1,0%,52
lion's mane bdnf,0,1,0%,52
rhodiola crenulata vs rhodiola rosea,0,1,0%,52
rhodiola rosea e ashwagandha,0,1,0%,52
creatine and beta alanine supplement,0,1,0%,53
egcg sap,0,1,0%,53
igf 1 r3,0,1,0%,53
lepidium meyenii dosage,0,1,0%,53
long r3 igf 1,0,1,0%,53
oglufanide,0,1,0%,53
peptide faqs,0,1,0%,53
peptide vendor comparison,0,1,0%,53
research chem hq discount code,0,1,0%,53
triumph 1,0,1,0%,53
aod-9604 mots-c tesamorelin,0,1,0%,54
glow 50 mg peptide,0,1,0%,54
glp 3 rt vs retatrutide,0,1,0%,54
is glucomannan keto friendly,0,1,0%,54
sermorelin oral bioavailability,0,1,0%,54
spermidine peptide,0,1,0%,54
triumph 1 trial retatrutide,0,1,0%,54
does glucomannan cause constipation,0,1,0%,55
igf-1 r3,0,1,0%,55
kpv anti inflammatory,0,1,0%,55
peptides igf 1 lr3,0,1,0%,55
sermorelin-gmp,0,1,0%,55
thymosin beta-4 vs tb-500,0,1,0%,55
follistatin 344 dosage timing,0,1,0%,56
follistatin cycle,0,1,0%,56
spermidine supplements for autophagy,0,1,0%,56
triumph-1 trial retatrutide,0,1,0%,56
what is igf lr3,0,1,0%,56
where can i find special peptide promotions,0,1,0%,56
aod 9604 mots c tesamorelin,0,1,0%,57
does glucomannan lower cholesterol,0,1,0%,57
hericium erinaceus nerve growth factor,0,1,0%,57
igf-1 peptide side effects,0,1,0%,57
lr3 igf 1,0,1,0%,57
thymosin apha1 dosis,0,1,0%,57
tirzepatide is a peptide,0,1,0%,57
zepbound peptides,0,1,0%,57
egrifta sv,0,1,0%,58
glucomannan weight loss dosage,0,1,0%,58
hgh mk677,0,1,0%,58
peptide glutamine,0,1,0%,58
sermorelin glycine peptide,0,1,0%,58
tb4 vs tb500 peptide,0,1,0%,58
1gf lr3 peptide,0,1,0%,59
aod tesamorelin mots c,0,1,0%,59
does l arginine increase hgh,0,1,0%,59
glp 2 tirzepatide peptide,0,1,0%,59